FIRST,LAST,SUFFIX,POS,TEAM,GP,MPG,FG%,FT%,3PM,RPG,APG,STPG,BLKPG,TOPG,PTS
Joel,Embiid,,C,PHI,66,34.6,0.548,0.857,1,10.2,4.2,1,1.7,3.4,33.1
Luka,Doncic,,PG,DAL,66,36.2,0.496,0.742,2.8,8.6,8,1.4,0.5,3.6,32.4
Damian,Lillard,,PG,MIL,58,36.3,0.463,0.914,4.2,4.8,7.3,0.9,0.3,3.3,32.2
Shai,Gilgeous-Alexander,,PG,OKC,68,35.5,0.51,0.905,0.9,4.8,5.5,1.6,1,2.8,31.4
Giannis,Antetokounmpo,,PF,MIL,63,32.1,0.553,0.645,0.7,11.8,5.7,0.8,0.8,3.9,31.1
Jayson,Tatum,,SF,BOS,74,36.9,0.466,0.854,3.2,8.8,4.6,1.1,0.7,2.9,30.1
Stephen,Curry,,PG,GSW,56,34.7,0.493,0.915,4.9,6.1,6.3,0.9,0.4,3.2,29.4
Kevin,Durant,,PF,PHO,47,35.6,0.56,0.919,2,6.7,5,0.7,1.4,3.3,29.1
LeBron,James,,SF,LAL,55,35.5,0.5,0.768,2.2,8.3,6.8,0.9,0.6,3.2,28.9
Donovan,Mitchell,,SG,CLE,68,35.8,0.484,0.867,3.6,4.3,4.4,1.5,0.4,2.6,28.3
Devin,Booker,,SG,PHO,53,34.6,0.494,0.855,2.1,4.5,5.5,1,0.3,2.7,27.8
Kyrie,Irving,,PG,DAL,60,37.4,0.494,0.905,3.1,5.1,5.5,1.1,0.8,2.1,27.1
Jaylen,Brown,,SG,BOS,67,35.9,0.491,0.765,2.4,6.9,3.5,1.1,0.4,2.9,26.6
Trae,Young,,PG,ATL,73,34.8,0.43,0.886,2.1,3,10.2,1.1,0.1,4.1,26.2
Ja,Morant,,PG,MEM,61,31.9,0.466,0.748,1.5,5.9,8.1,1.1,0.3,3.4,26.2
Zion,Williamson,,PF,NOR,29,33,0.608,0.714,0.2,7,4.6,1.1,0.6,3.4,26
Anthony,Davis,,PF,LAL,56,34,0.563,0.784,0.3,12.5,2.6,1.1,2,2.2,25.9
Lauri,Markkanen,,PF,UTH,66,34.4,0.499,0.875,3,8.6,1.9,0.6,0.6,1.9,25.6
Julius,Randle,,PF,NYK,77,35.5,0.46,0.757,2.8,10,4.1,0.6,0.3,2.8,25.1
De'Aaron,Fox,,PG,SAC,73,33.4,0.512,0.78,1.6,4.2,6.1,1.1,0.3,2.5,25
Zach,LaVine,,SG,CHI,77,35.9,0.485,0.848,2.6,4.5,4.2,0.9,0.2,2.5,24.8
Brandon,Ingram,,SF,NOR,45,34.2,0.484,0.882,1.4,5.5,5.8,0.7,0.4,3.3,24.7
Anthony,Edwards,,SG,MIN,79,36,0.459,0.756,2.7,5.8,4.4,1.6,0.7,3.3,24.6
DeMar,DeRozan,,SF,CHI,74,36.2,0.504,0.872,0.6,4.6,5.1,1.1,0.5,2.1,24.5
Nikola,Jokic,,C,DEN,69,33.7,0.632,0.822,0.8,11.8,9.8,1.3,0.7,3.6,24.5
Pascal,Siakam,,PF,TOR,71,37.4,0.48,0.774,1.3,7.8,5.8,0.9,0.5,2.4,24.2
Jalen,Brunson,,PG,NYK,68,35,0.491,0.829,2,3.5,6.2,0.9,0.2,2.1,24
Kawhi,Leonard,,SF,LAC,52,33.6,0.512,0.871,2,6.5,3.9,1.4,0.5,1.7,23.8
Paul,George,,F,LAC,56,34.6,0.457,0.871,2.8,6.1,5.1,1.5,0.4,3.1,23.8
LaMelo,Ball,,PG,CHA,36,35.2,0.411,0.843,4,6.4,8.4,1.3,0.3,3.6,23.3
Bradley,Beal,,SG,PHO,50,33.5,0.506,0.842,1.6,3.9,5.4,0.9,0.7,2.9,23.2
Kristaps,Porzingis,,C,BOS,65,32.6,0.498,0.851,2.1,8.4,2.7,0.9,1.5,2.1,23.2
Jimmy,Butler,,SF,MIA,64,33.4,0.539,0.85,0.6,5.9,5.3,1.8,0.3,1.6,22.9
Jalen,Green,,SG,HOU,76,34.2,0.417,0.786,2.5,3.7,3.7,0.8,0.2,2.6,22.1
Keldon,Johnson,,SF,SAS,63,32.7,0.452,0.749,2.1,5,2.9,0.7,0.2,2.1,22
Klay,Thompson,,SG,GSW,69,33,0.436,0.879,4.4,4.1,2.4,0.7,0.4,1.8,21.9
Darius,Garland,,PG,CLE,69,35.5,0.462,0.863,2.4,2.7,7.8,1.2,0.1,2.9,21.6
Bojan,Bogdanovic,,SF,DET,59,32.1,0.488,0.884,2.5,3.8,2.6,0.6,0.1,2.3,21.6
Desmond,Bane,,SG,MEM,58,31.7,0.479,0.883,2.9,5,4.4,1,0.4,2.2,21.5
Kyle,Kuzma,,SF,WAS,64,35,0.448,0.73,2.5,7.2,3.7,0.6,0.5,3,21.2
Terry,Rozier,,SG,CHA,63,35.3,0.415,0.809,2.6,4.1,5.1,1.2,0.3,2.1,21.1
Anfernee,Simons,,SG,POR,62,35,0.447,0.894,3.4,2.6,4.1,0.7,0.2,2.1,21.1
James,Harden,,SG,PHI,58,36.8,0.441,0.867,2.8,6.1,10.7,1.2,0.5,3.4,21
CJ,McCollum,,SG,NOR,75,35.3,0.437,0.769,2.8,4.4,5.7,0.9,0.5,2.4,20.9
Jordan,Clarkson,,PG,UTH,61,32.6,0.444,0.816,2.5,4,4.4,0.5,0.2,3,20.8
Karl-Anthony,Towns,,C,MIN,29,33,0.495,0.874,2.1,8.1,4.8,0.7,0.6,3,20.8
Tyrese,Haliburton,,PG,IND,56,33.6,0.49,0.871,2.9,3.7,10.4,1.6,0.4,2.5,20.7
Jerami,Grant,,SF,POR,63,35.7,0.475,0.813,2.3,4.5,2.4,0.8,0.8,1.8,20.5
Dejounte,Murray,,SG,ATL,74,36.4,0.464,0.832,1.8,5.3,6.1,1.5,0.3,2.2,20.5
Jordan,Poole,,SG,WAS,82,30,0.43,0.87,2.6,2.7,4.5,0.8,0.3,3.1,20.4
Bam,Adebayo,,C,MIA,75,34.6,0.54,0.806,0,9.2,3.2,1.2,0.8,2.5,20.4
Tyrese,Maxey,,PG,PHI,60,33.6,0.481,0.845,2.7,2.9,3.5,0.8,0.1,1.3,20.3
Kelly,Oubre,Jr,SG,PHI,48,32.3,0.431,0.76,2.3,5.2,1.1,1.4,0.4,1.3,20.3
Mikal,Bridges,,SF,BKN,83,35.7,0.468,0.895,2,4.4,3.3,1.1,0.7,1.5,20.1
Tyler,Herro,,PG,MIA,67,34.9,0.439,0.934,3,5.4,4.2,0.8,0.2,2.4,20.1
Louis,King,,SF,PHI,1,29,0.615,0,4,4,2,1,0,2,20
Jamal,Murray,,PG,DEN,65,32.8,0.454,0.833,2.6,4,6.2,1,0.2,2.2,20
Paolo,Banchero,,PF,ORL,72,33.8,0.427,0.738,1.2,6.9,3.7,0.8,0.5,2.8,20
Cade,Cunningham,,PG,DET,12,33.3,0.415,0.837,1.4,6.2,6,0.8,0.6,3.3,19.9
RJ,Barrett,,SG,NYK,73,33.9,0.434,0.74,1.7,5,2.8,0.4,0.2,2.2,19.6
Fred,VanVleet,,SG,HOU,69,36.7,0.393,0.898,3,4.1,7.2,1.8,0.6,2,19.3
Jrue,Holiday,,PG,BOS,67,32.6,0.479,0.859,2.4,5.1,7.4,1.2,0.4,2.9,19.3
Kevin,Porter,Jr,SG,HOU,59,34.3,0.442,0.784,2.4,5.3,5.7,1.4,0.3,3.2,19.2
Domantas,Sabonis,,PF,SAC,79,34.6,0.615,0.742,0.4,12.3,7.3,0.8,0.5,2.9,19.1
Jaren,Jackson,Jr,PF,MEM,63,28.4,0.506,0.788,1.6,6.8,1,1,3,1.7,18.6
Franz,Wagner,,SF,ORL,80,32.6,0.485,0.842,1.6,4.1,3.5,1,0.2,2.1,18.6
Devin,Vassell,,SG,SAS,38,31,0.439,0.78,2.7,3.9,3.6,1.1,0.4,1.5,18.5
Deandre,Ayton,,C,POR,67,30.4,0.589,0.76,0.1,10,1.7,0.6,0.8,1.8,18
Myles,Turner,,C,IND,62,29.4,0.548,0.783,1.5,7.5,1.4,0.6,2.3,1.7,18
D'Angelo,Russell,,PG,LAL,71,32.5,0.469,0.829,2.7,3,6.2,1,0.4,2.6,17.8
Nikola,Vucevic,,C,CHI,82,33.5,0.52,0.835,1.5,11,3.2,0.7,0.7,1.7,17.6
Michael,Porter,Jr,SF,DEN,62,29,0.487,0.8,3,5.5,1,0.6,0.5,1.1,17.4
Gary,Trent,Jr,SG,TOR,66,32.1,0.433,0.839,2.5,2.6,1.6,1.6,0.2,0.8,17.4
Spencer,Dinwiddie,,PG,BKN,79,34.5,0.438,0.812,2.3,3.4,6.5,0.8,0.3,1.8,17.3
Andrew,Wiggins,,SF,GSW,37,32.2,0.473,0.611,2.4,5,2.3,1.2,0.8,1.3,17.1
Norman,Powell,,G,LAC,60,26.1,0.479,0.812,1.9,2.9,1.8,0.8,0.3,1.7,17
Buddy,Hield,,SG,IND,80,31,0.458,0.822,3.6,5,2.8,1.2,0.3,1.7,16.8
O.G.,Anunoby,,SF,TOR,67,35.6,0.476,0.838,2.1,5,2,1.9,0.7,2,16.8
Bennedict,Mathurin,,SG,IND,78,28.5,0.434,0.828,1.3,4.1,1.5,0.6,0.2,1.9,16.7
Christian,Wood,,F,LAL,67,25.9,0.515,0.772,1.6,7.3,1.8,0.4,1.1,1.8,16.6
Josh,Giddey,,SG,OKC,76,31.1,0.482,0.731,1,7.9,6.2,0.8,0.4,2.8,16.6
Aaron,Gordon,,PF,DEN,68,30.2,0.564,0.608,0.9,6.6,3,0.8,0.8,1.4,16.3
Jaden,Ivey,,PG,DET,74,31.1,0.416,0.747,1.6,3.9,5.2,0.8,0.2,3.2,16.3
Evan,Mobley,,PF,CLE,79,34.4,0.554,0.674,0.3,9,2.8,0.8,1.5,1.8,16.2
RaiQuan,Gray,,F,BKN,1,35,0.5,1,2,9,7,0,1,4,16
Brook,Lopez,,C,MIL,78,30.4,0.531,0.784,1.7,6.7,1.3,0.5,2.5,1.4,15.9
Russell,Westbrook,,PG,LAC,73,29.1,0.436,0.656,1.2,5.8,7.5,1,0.5,3.5,15.9
P.J.,Washington,,PF,CHA,73,32.6,0.444,0.73,2,4.9,2.4,0.9,1.1,1.5,15.7
Cameron,Johnson,,SF,BKN,42,28.6,0.47,0.842,2.5,4.4,1.9,1.2,0.3,0.9,15.5
De'Andre,Hunter,,SF,ATL,67,31.7,0.461,0.826,1.5,4.2,1.4,0.5,0.3,1.2,15.4
Skylar,Mays,,SG,POR,6,31.5,0.5,0.923,2,3.2,8.3,1,0.2,1.7,15.3
Scottie,Barnes,,SF,TOR,77,34.8,0.456,0.772,0.8,6.6,4.8,1.1,0.8,2,15.3
Wendell,Carter,Jr,C,ORL,57,29.6,0.525,0.738,1.4,8.7,2.3,0.5,0.6,1.9,15.2
Kevin,Huerter,,SG,SAC,75,29.4,0.485,0.725,2.7,3.3,2.9,1.1,0.3,1.3,15.2
Khris,Middleton,,SF,MIL,33,24.3,0.436,0.902,1.5,4.2,4.9,0.7,0.2,2.2,15.1
Harrison,Barnes,,SF,SAC,82,32.5,0.473,0.847,1.6,4.5,1.6,0.7,0.1,1,15
Immanuel,Quickley,,SG,NYK,81,28.9,0.448,0.819,2.1,4.2,3.4,1,0.2,1.2,14.9
Malcolm,Brogdon,,PG,POR,67,26,0.484,0.87,2,4.2,3.7,0.7,0.3,1.5,14.9
Alperen,Sengun,,C,HOU,75,28.9,0.553,0.715,0.3,9,3.9,0.9,0.9,2.6,14.8
Tobias,Harris,,PF,PHI,74,32.9,0.501,0.876,1.7,5.7,2.5,0.9,0.5,1.2,14.7
Gordon,Hayward,,SF,CHA,50,31.5,0.475,0.811,1,4.3,4.1,0.8,0.2,2,14.7
Trey,Murphy,III,SG,NOR,79,31,0.484,0.905,2.6,3.6,1.4,1.1,0.5,0.8,14.5
Tim,Hardaway,Jr,SF,DAL,71,30.3,0.401,0.77,3,3.5,1.8,0.7,0.2,0.8,14.4
Dillon,Brooks,,SF,HOU,73,30.3,0.396,0.779,2,3.3,2.6,0.9,0.2,1.4,14.3
Collin,Sexton,,PG,UTH,48,23.9,0.506,0.819,1,2.2,2.9,0.6,0.1,1.8,14.3
Jarrett,Allen,,C,CLE,68,32.6,0.644,0.733,0,9.8,1.7,0.8,1.2,1.4,14.3
Jonas,Valanciunas,,C,NOR,79,24.9,0.547,0.826,0.5,10.2,1.8,0.3,0.7,2,14.1
Bobby,Portis,,F,MIL,70,26,0.496,0.768,1.4,9.6,1.5,0.4,0.2,1.2,14.1
Jalen,Williams,,F,OKC,75,30.3,0.521,0.812,1,4.5,3.3,1.4,0.5,1.6,14.1
Bogdan,Bogdanovic,,SG,ATL,54,27.9,0.447,0.831,2.7,3.1,2.8,0.8,0.3,1.2,14
Markelle,Fultz,,PG,ORL,60,29.6,0.514,0.783,0.5,3.9,5.7,1.5,0.4,2.3,14
Chris,Paul,,PG,GSW,59,32,0.44,0.831,1.7,4.3,8.9,1.5,0.4,1.9,13.9
Saddiq,Bey,,SF,ATL,77,27.6,0.422,0.861,2,4.7,1.5,0.9,0.2,0.9,13.8
Luguentz,Dort,,G,OKC,74,30.7,0.388,0.772,1.8,4.6,2.1,1,0.3,1.2,13.7
Malik,Monk,,SG,SAC,77,22.3,0.448,0.889,1.9,2.6,3.9,0.6,0.3,1.9,13.5
Rudy,Gobert,,C,MIN,70,30.7,0.659,0.644,0,11.6,1.2,0.8,1.4,1.7,13.4
Jusuf,Nurkic,,C,PHO,52,26.8,0.519,0.661,0.8,9.1,2.9,0.8,0.8,2.3,13.3
Kris,Dunn,,G,UTH,22,25.8,0.537,0.774,0.8,4.5,5.6,1.1,0.5,1.6,13.2
John,Collins,,PF,UTH,71,30,0.508,0.803,1,6.5,1.2,0.6,1,1.1,13.1
Cole,Anthony,,PG,ORL,60,25.9,0.454,0.894,1.3,4.8,3.9,0.6,0.5,1.5,13
Austin,Reaves,,SG,LAL,64,28.8,0.529,0.864,1.3,3,3.4,0.5,0.3,1.5,13
Tre,Jones,,PG,SAS,68,29.2,0.459,0.86,0.7,3.6,6.6,1.3,0.1,1.6,12.9
Jabari,Smith,Jr,PF,HOU,79,31,0.408,0.786,1.5,7.2,1.3,0.5,0.9,1.3,12.8
Alec,Burks,,SG,DET,51,22,0.436,0.814,1.9,3.1,2.2,0.7,0.2,1.1,12.8
Kenyon,Martin,Jr,F,LAC,82,28,0.569,0.68,0.8,5.5,1.5,0.5,0.4,1.1,12.7
Malik,Beasley,,SG,MIL,81,25.8,0.395,0.769,2.9,3.5,1.5,0.8,0.1,1.1,12.7
Nicolas,Claxton,,C,BKN,76,29.9,0.705,0.541,0,9.2,1.9,0.9,2.5,1.3,12.6
Dennis,Schroder,,PG,TOR,66,30.1,0.415,0.857,1.1,2.5,4.5,0.8,0.2,1.7,12.6
Mac,McClung,,SG,ORL,2,20.5,0.45,0.6,2,5,4.5,0,0,1.5,12.5
Jakob,Poeltl,,C,TOR,72,26.5,0.629,0.592,0,9.1,2.7,0.9,1.2,1.7,12.5
Kelly,Olynyk,,PF,UTH,68,28.6,0.499,0.853,1.4,6.2,3.7,0.9,0.5,2.5,12.5
Eric,Gordon,,SG,LAC,69,28.5,0.446,0.821,1.9,1.9,2.7,0.6,0.4,1.5,12.4
Derrick,White,,PG,BOS,82,28.3,0.462,0.875,1.8,3.6,3.9,0.7,0.9,1.2,12.4
Keegan,Murray,,SF,SAC,80,29.8,0.453,0.765,2.6,4.6,1.2,0.8,0.5,0.8,12.2
Caris,LeVert,,SG,CLE,74,30.2,0.431,0.722,1.7,3.8,3.9,1,0.3,1.6,12.1
Jaden,McDaniels,,PF,MIN,79,30.6,0.517,0.736,1.4,3.9,1.9,0.9,1,1.4,12.1
Marvin,Bagley,III,PF,DET,42,23.6,0.529,0.75,0.5,6.4,0.9,0.5,0.7,1.1,12
Clint,Capela,,C,ATL,65,26.6,0.653,0.603,0,11,0.9,0.7,1.2,0.8,12
Mike,Conley,,PG,MIN,67,30.3,0.428,0.834,2,2.7,6.7,1.1,0.2,1.5,11.9
Bones,Hyland,,PG,LAC,56,19.4,0.399,0.843,2.1,2.4,3.1,0.7,0.3,1.5,11.8
Lonnie,Walker,IV,G,BKN,56,23.2,0.448,0.858,1.6,1.9,1.1,0.5,0.3,0.8,11.7
Zach,Collins,,PF,SAS,63,22.9,0.518,0.761,0.9,6.4,2.9,0.6,0.8,2,11.6
Bruce,Brown,,SF,IND,80,28.5,0.483,0.758,1.1,4.1,3.4,1.1,0.6,1.5,11.5
Max,Strus,,SG,CLE,80,28.4,0.41,0.876,2.5,3.2,2.1,0.5,0.2,0.9,11.5
Marcus,Smart,,PG,MEM,61,32.1,0.415,0.746,1.9,3.1,6.3,1.5,0.4,2.3,11.5
Naz,Reid,,C,MIN,68,18.4,0.537,0.677,1.1,4.9,1.1,0.6,0.8,1.4,11.5
John,Wall,,PG,HOU,34,22.2,0.407,0.681,1,2.7,5.2,0.8,0.4,2.4,11.4
Isaiah,Stewart,,C,DET,50,28.3,0.442,0.738,1.3,8.1,1.4,0.4,0.7,1.4,11.3
Quentin,Grimes,,SG,NYK,71,29.9,0.468,0.796,2.2,3.2,2.1,0.7,0.4,1,11.3
Rui,Hachimura,,PF,LAL,63,23.3,0.486,0.74,0.8,4.5,0.9,0.3,0.4,0.8,11.2
Marcus,Morris,Sr,SF,LAC,65,28.1,0.426,0.782,1.7,4,1.8,0.6,0.3,0.9,11.2
Kyle,Lowry,,PG,MIA,55,31.2,0.404,0.859,1.9,4.1,5.1,1,0.4,1.9,11.2
Corey,Kispert,,SF,WAS,74,28.3,0.497,0.852,2.2,2.8,1.2,0.4,0.1,0.7,11.1
Jeremy,Sochan,,F,SAS,56,26,0.453,0.698,0.6,5.3,2.5,0.8,0.4,1.7,11
Mason,Plumlee,,C,LAC,79,26,0.68,0.636,0,8.9,3.1,0.6,0.6,1.5,10.8
Jaylen,Nowell,,SG,MIN,65,19.3,0.448,0.778,1,2.6,2,0.6,0.1,1,10.8
Kentavious,Caldwell-Pope,,SG,DEN,76,31.3,0.462,0.824,1.8,2.7,2.4,1.5,0.5,1.1,10.8
Ivica,Zubac,,C,LAC,76,28.5,0.634,0.697,0,9.9,1,0.4,1.3,1.5,10.8
Talen,Horton-Tucker,,SG,UTH,65,20.2,0.419,0.75,0.9,3.2,3.8,0.6,0.4,1.9,10.7
Victor,Oladipo,,SG,OKC,42,26.3,0.397,0.747,1.7,3,3.5,1.4,0.3,2.1,10.7
Jeenathan,Williams,,G,HOU,5,25.4,0.615,0.667,0.6,3,2,0.6,0.4,0.8,10.6
Cam,Thomas,,SG,BKN,57,16.6,0.441,0.868,0.9,1.7,1.4,0.4,0.1,1.1,10.6
Moritz,Wagner,,C,ORL,57,19.5,0.5,0.841,0.9,4.5,1.5,0.6,0.2,1.2,10.5
Grayson,Allen,,SG,PHO,72,27.4,0.44,0.905,2,3.3,2.3,0.9,0.2,1,10.4
Killian,Hayes,,PG,DET,76,28.3,0.377,0.821,1.1,2.9,6.2,1.4,0.4,2.3,10.3
Tyus,Jones,,PG,WAS,80,24.2,0.438,0.806,1.5,2.5,5.2,1,0.1,0.9,10.3
Cameron,Payne,,PG,SAS,48,20.2,0.415,0.766,1.4,2.2,4.5,0.7,0.2,1.7,10.3
Monte,Morris,,PG,DET,62,27.4,0.48,0.831,1.3,3.4,5.3,0.7,0.2,1,10.3
Doug,McDermott,,SF,SAS,64,20.5,0.457,0.757,1.9,2.2,1.4,0.2,0.1,0.9,10.2
Malaki,Branham,,G,SAS,66,23.5,0.44,0.829,1.2,2.7,1.9,0.5,0.1,1.2,10.2
Reggie,Jackson,,PG,DEN,68,24.4,0.411,0.91,1.4,2.1,3.4,0.7,0.1,1.7,10.2
Patrick,Williams,,PF,CHI,82,28.3,0.464,0.857,1.4,4,1.2,0.9,0.9,1.2,10.2
De'Anthony,Melton,,SG,PHI,77,27.9,0.426,0.793,2,4.1,2.6,1.6,0.5,1.3,10.1
Aaron,Nesmith,,SF,IND,73,24.9,0.427,0.838,1.6,3.8,1.3,0.8,0.5,1,10.1
Josh,Richardson,,SG,MIA,65,23.5,0.431,0.852,1.6,2.7,2.7,1.1,0.3,1.3,10.1
James,Wiseman,,C,DET,45,19.3,0.558,0.701,0.1,5.9,0.7,0.2,0.6,1.1,10
Brandon,Clarke,,PF,MEM,56,19.5,0.656,0.719,0,5.5,1.3,0.6,0.7,1,10
Jonathan,Kuminga,,PF,GSW,67,20.8,0.525,0.652,0.8,3.4,1.9,0.6,0.5,1.4,9.9
Onyeka,Okongwu,,PF,ATL,80,23.1,0.638,0.781,0.1,7.2,1,0.7,1.3,1,9.9
Jalen,Suggs,,SG,ORL,53,23.5,0.419,0.723,1.2,3,2.9,1.3,0.5,1.8,9.9
Shaedon,Sharpe,,SG,POR,80,22.2,0.472,0.714,1.3,3,1.2,0.5,0.3,1,9.9
Luka,Samanic,,F,UTH,7,23,0.456,0.692,1.1,4.3,2.1,0.9,0.3,1.4,9.9
Herbert,Jones,,SF,NOR,66,29.6,0.469,0.764,0.8,4.1,2.5,1.6,0.6,1.3,9.8
Thomas,Bryant,,C,MIA,59,18.3,0.623,0.738,0.4,5.7,0.5,0.3,0.5,0.6,9.8
Al,Horford,,C,BOS,63,30.5,0.476,0.714,2.3,6.2,3,0.5,1,0.6,9.8
Josh,Hart,,SG,NYK,76,32.3,0.529,0.75,0.8,7.8,3.8,1.2,0.3,1.5,9.8
Julian,Champagnie,,F,SAS,17,18.8,0.454,0.824,1.9,3.5,0.6,0.4,0.3,0.6,9.7
Cam,Reddish,,SF,LAL,40,24.8,0.446,0.853,1.1,2.2,1.4,1,0.4,1.2,9.7
Coby,White,,PG,CHI,74,23.4,0.443,0.871,1.7,2.9,2.8,0.7,0.1,1,9.7
Keita,Bates-Diop,,SF,PHO,67,21.7,0.508,0.793,0.8,3.7,1.5,0.7,0.3,0.8,9.7
Caleb,Martin,,SF,MIA,71,29.3,0.464,0.805,1.2,4.8,1.6,1,0.4,1.1,9.6
Isaiah,Joe,,SG,OKC,73,19.1,0.441,0.82,2.2,2.4,1.2,0.7,0.1,0.5,9.5
Andrew,Nembhard,,PG,IND,75,27.7,0.441,0.79,1.2,2.7,4.5,0.9,0.2,1.7,9.5
Jalen,Smith,,PF,IND,68,18.8,0.476,0.759,0.8,5.8,1,0.3,0.9,1.1,9.4
Jalen,McDaniels,,PF,TOR,80,23.9,0.455,0.841,1,4.3,1.6,1,0.4,1.2,9.4
Gabe,Vincent,,PG,LAL,68,25.9,0.402,0.872,1.7,2.1,2.5,0.9,0.1,1.4,9.4
Donte,DiVincenzo,,SG,NYK,72,26.3,0.435,0.817,2.1,4.5,3.5,1.3,0.1,1.6,9.4
Kyle,Anderson,,SF,MIN,69,28.4,0.509,0.735,0.6,5.3,4.9,1.1,0.9,1.5,9.4
Chris,Boucher,,PF,TOR,76,20,0.493,0.762,0.8,5.5,0.4,0.6,0.8,0.5,9.4
Hamidou,Diallo,,SG,DET,56,17.8,0.573,0.588,0.1,3.5,1,0.9,0.3,1.3,9.3
Tari,Eason,,F,HOU,82,21.5,0.448,0.752,0.7,6,1.1,1.2,0.6,1.2,9.3
Luke,Kennard,,SG,MEM,59,22.3,0.492,0.949,2.3,2.7,1.5,0.5,0.1,0.8,9.3
Precious,Achiuwa,,PF,TOR,55,20.7,0.485,0.702,0.5,6,0.9,0.6,0.5,1.1,9.2
Seth,Curry,,SG,DAL,61,19.9,0.463,0.927,1.5,1.6,1.6,0.6,0.1,0.8,9.2
Walker,Kessler,,C,UTH,74,23,0.72,0.516,0,8.4,0.9,0.4,2.3,0.8,9.2
Deni,Avdija,,SF,WAS,76,26.6,0.437,0.739,0.9,6.4,2.8,0.9,0.4,1.6,9.2
Jalen,Duren,,C,DET,67,24.9,0.648,0.611,0,8.9,1.1,0.7,0.9,1.4,9.1
Taurean,Prince,,PF,LAL,54,22.1,0.467,0.844,1.4,2.4,1.6,0.5,0.3,1.3,9.1
Jae'Sean,Tate,,SF,HOU,31,21.8,0.48,0.725,0.4,3.8,2.7,0.7,0.2,1.5,9.1
Josh,Green,,SG,DAL,60,25.7,0.537,0.723,1.1,3,1.7,0.7,0.1,1.2,9.1
Naji,Marshall,,SF,NOR,77,23.3,0.433,0.789,0.9,3.6,2.5,0.7,0.2,1.3,9.1
Bol,Bol,,C,PHO,70,21.5,0.546,0.759,0.4,5.8,1,0.4,1.2,1.6,9.1
Santiago,Aldama,,PF,MEM,77,21.8,0.47,0.75,1.2,4.8,1.3,0.6,0.6,0.8,9
Daniel,Gafford,,C,WAS,78,20.6,0.732,0.679,0,5.6,1.1,0.4,1.3,1.1,9
Jose,Alvarado,,PG,NOR,61,21.5,0.411,0.813,1.4,2.3,3,1.1,0.2,1.3,9
Mark,Williams,,C,CHA,43,19.3,0.637,0.691,0,7.1,0.4,0.7,1,0.9,9
AJ,Griffin,,F,ATL,72,19.5,0.465,0.894,1.4,2.1,1,0.6,0.2,0.6,8.9
Royce,O'Neale,,PF,BKN,76,31.7,0.386,0.725,2.1,5.1,3.7,0.9,0.6,1.5,8.8
Terance,Mann,,SG,LAC,81,23.1,0.519,0.78,1,3.4,2.3,0.5,0.3,1,8.8
Shaquille,Harrison,,G,LAL,5,24,0.417,0.733,0.6,4.4,6,2.2,0.4,1.2,8.8
Dennis,Smith,Jr,PG,BKN,54,25.7,0.412,0.736,0.4,3.1,4.8,1.4,0.5,1.5,8.8
Jaden,Hardy,,G,DAL,48,14.8,0.438,0.823,1.3,1.9,1.4,0.4,0.1,1,8.8
Jordan,Nwora,,SF,IND,62,19.2,0.436,0.791,1.4,3.7,1.4,0.4,0.2,1.1,8.7
Cedi,Osman,,SF,SAS,77,20.1,0.451,0.694,1.5,2.3,1.5,0.5,0.1,0.7,8.7
T.J.,McConnell,,PG,IND,75,20.3,0.543,0.853,0.3,3.1,5.3,1.1,0.1,1.9,8.7
Landry,Shamet,,SG,WAS,40,20.2,0.377,0.882,1.9,1.7,2.3,0.7,0.1,0.9,8.7
Steven,Adams,,C,MEM,42,27,0.597,0.364,0,11.5,2.3,0.9,1.1,1.9,8.6
Ayo,Dosunmu,,SG,CHI,80,26.2,0.493,0.805,0.7,2.8,2.6,0.8,0.3,1.2,8.6
Draymond,Green,,PF,GSW,73,31.5,0.527,0.713,0.5,7.2,6.8,1,0.8,2.8,8.5
Shake,Milton,,SG,MIN,76,20.6,0.479,0.853,0.7,2.5,3.2,0.3,0.2,1.2,8.4
Dorian,Finney-Smith,,PF,BKN,66,30.4,0.391,0.763,1.7,4.8,1.5,0.8,0.5,0.9,8.3
Terrence,Ross,,G,PHO,63,21.1,0.43,0.794,1.5,2.4,1.5,0.6,0.2,0.7,8.3
Gary,Harris,,SG,ORL,48,24.7,0.45,0.9,2,2,1.2,0.9,0.3,0.6,8.3
Kevin,Love,,PF,MIA,62,20,0.389,0.879,1.6,6.4,1.9,0.3,0.2,1.1,8.2
Nick,Richards,,C,CHA,65,18.7,0.629,0.749,0,6.4,0.6,0.2,1.1,0.9,8.2
Georges,Niang,,SF,CLE,78,19.4,0.442,0.867,2,2.4,1,0.4,0.2,0.7,8.2
Damion,Lee,,SG,PHO,74,20.4,0.442,0.904,1.5,3,1.3,0.4,0.1,1.1,8.2
Aleksej,Pokusevski,,F,OKC,34,20.6,0.434,0.629,1.1,4.7,1.9,0.6,1.3,1.3,8.1
Grant,Williams,,PF,DAL,79,25.9,0.454,0.77,1.5,4.6,1.7,0.5,0.4,1,8.1
Jevon,Carter,,PG,CHI,81,22.4,0.423,0.816,1.8,2.5,2.4,0.8,0.4,1,8
Kenrich,Williams,,SF,OKC,53,22.8,0.517,0.436,0.9,4.9,2,0.8,0.3,0.6,8
Kemba,Walker,,PG,DAL,9,16,0.421,0.81,0.8,1.8,2.1,0.2,0.2,0.4,8
Gabe,York,,G,IND,3,18.7,0.381,1,2,2,1.7,0.7,0,0,8
Robert,Williams,III,C,POR,35,23.5,0.747,0.61,0,8.3,1.4,0.6,1.4,1,8
Jarred,Vanderbilt,,PF,LAL,78,24.1,0.548,0.691,0.4,7.5,2.4,1.1,0.3,1.2,7.9
Ochai,Agbaji,,G,UTH,59,20.5,0.427,0.812,1.4,2.1,1.1,0.3,0.3,0.7,7.9
Duane,Washington,Jr,PG,NYK,31,12.7,0.367,0.667,1.3,1.2,2,0.2,0.1,1.1,7.9
Chris,Duarte,,SG,SAC,46,19.5,0.369,0.847,1.2,2.5,1.4,0.5,0.2,0.9,7.9
Jeff,Green,,PF,HOU,56,19.5,0.488,0.744,0.5,2.6,1.2,0.3,0.3,0.8,7.8
Tre,Mann,,PG,OKC,67,17.7,0.393,0.764,1.2,2.3,1.8,0.6,0.2,0.9,7.7
Pat,Connaughton,,SG,MIL,61,23.7,0.392,0.659,1.8,4.6,1.3,0.6,0.2,0.5,7.6
Joe,Harris,,SF,DET,74,20.6,0.457,0.643,1.9,2.2,1.4,0.5,0.2,0.6,7.6
Trey,Lyles,,PF,SAC,74,16.9,0.458,0.815,1.2,4.1,0.9,0.4,0.4,0.9,7.6
T.J.,Warren,,SF,PHO,42,16.4,0.489,0.8,0.5,2.9,1,0.5,0.3,0.5,7.5
Torrey,Craig,,SF,CHI,79,24.7,0.456,0.711,1.3,5.4,1.5,0.6,0.8,0.9,7.4
Obi,Toppin,,PF,IND,67,15.7,0.446,0.809,1.3,2.8,1,0.3,0.2,0.6,7.4
Trendon,Watford,,PF,BKN,62,19.1,0.56,0.72,0.4,3.8,2.1,0.5,0.2,1.1,7.4
Devonte,Graham,,PG,SAS,73,18.3,0.374,0.748,1.6,1.7,2.7,0.6,0.2,0.7,7.4
Delon,Wright,,SG,WAS,50,24.4,0.474,0.867,0.8,3.6,3.9,1.8,0.3,0.9,7.4
Mitchell,Robinson,,C,NYK,59,26.9,0.671,0.484,0,9.4,0.9,0.9,1.8,0.7,7.4
Josh,Okogie,,SF,PHO,72,18.8,0.391,0.724,0.9,3.5,1.5,0.8,0.5,0.9,7.3
Jay,Huff,,C,DEN,7,13.6,0.6,0.938,0.9,3,1.4,0.4,0.6,0.7,7.3
Isaiah,Jackson,,SF,IND,63,16.5,0.563,0.651,0,4.5,0.8,0.5,1.5,0.8,7.2
Reggie,Bullock,,SF,SAS,78,30.3,0.409,0.703,1.9,3.6,1.4,0.7,0.2,0.5,7.2
Lindell,Wigginton,,G,MIL,7,12.4,0.486,0.889,0.9,1,2,0,0.3,1.7,7.1
Edmond,Sumner,,PG,CHA,53,13.9,0.461,0.917,0.6,1.5,1.3,0.6,0.2,0.9,7.1
Troy,Brown,Jr,SF,MIN,76,24.5,0.43,0.872,1.4,4.1,1.3,0.8,0.2,0.6,7.1
Kendrick,Nunn,,G,WAS,70,13.8,0.424,0.854,1.1,1.6,1.3,0.4,0.1,0.9,7.1
Kevon,Looney,,F,GSW,82,23.9,0.63,0.606,0,9.3,2.5,0.6,0.6,0.5,7
Xavier,Tillman,,F,MEM,61,19.3,0.614,0.551,0.1,5,1.6,1,0.5,0.7,7
Daniel,Theis,,C,IND,7,15.6,0.477,0.417,0.3,3.1,1.3,0.3,0.9,0.4,7
Chance,Comanche,,C,POR,1,21,0.6,0.25,0,3,0,0,1,0,7
Joshua,Primo,,G,LAC,4,23.3,0.346,0.778,0.8,3.3,4.5,0.3,0.5,2.8,7
Eugene,Omoruyi,,F,WAS,40,16.1,0.443,0.68,0.6,2.8,0.7,0.7,0.1,0.9,7
Sviatoslav,Mykhailiuk,,SG,BOS,32,14.6,0.445,0.667,1.3,1.7,1.7,0.5,0.1,0.8,6.9
Ben,Simmons,,PG,BKN,42,26.3,0.566,0.439,0,6.3,6.1,1.3,0.6,2.3,6.9
Romeo,Langford,,SG,SAS,43,19.6,0.467,0.696,0.4,2.7,1.2,0.6,0.3,0.7,6.9
Willy,Hernangomez,,C,NOR,38,12.1,0.527,0.779,0.1,4.7,0.9,0.4,0.3,1,6.9
Joe,Ingles,,SG,ORL,46,22.7,0.435,0.857,1.8,2.8,3.3,0.7,0.1,1.2,6.9
Jae,Crowder,,PF,MIL,18,18.9,0.479,0.833,1.3,3.8,1.5,0.7,0.3,0.4,6.9
Cory,Joseph,,PG,GSW,62,19.8,0.427,0.792,1.1,1.7,3.5,0.5,0.1,0.9,6.9
Ty,Jerome,,SG,CLE,45,18.1,0.488,0.927,0.8,1.7,3,0.5,0.1,0.7,6.9
Aaron,Wiggins,,SG,OKC,70,18.5,0.512,0.831,0.7,3,1.1,0.6,0.2,0.8,6.8
Jeremiah,Robinson-Earl,,PF,OKC,43,18.9,0.444,0.833,0.9,4.2,1,0.6,0.3,0.4,6.8
Larry,Nance,Jr,PF,NOR,65,21.2,0.61,0.696,0.2,5.4,1.8,0.9,0.6,0.6,6.8
Will,Barton,,G,TOR,56,17.7,0.379,0.787,1.2,2.4,2,0.5,0.2,0.9,6.8
Justise,Winslow,,PF,POR,29,26.8,0.409,0.714,0.5,5,3.4,1,0.4,1.5,6.8
Terence,Davis,,SG,SAC,64,13.1,0.423,0.791,1.4,2.2,1,0.7,0.2,0.8,6.7
Theo,Maledon,,PG,CHA,44,19.4,0.402,0.851,0.6,2.8,3.5,0.8,0.3,1.3,6.7
Anthony,Lamb,,F,GSW,62,19.3,0.471,0.767,1.2,3.5,1.5,0.5,0.3,0.9,6.7
Dwight,Powell,,C,DAL,76,19.2,0.732,0.667,0,4.1,0.9,0.6,0.3,0.9,6.7
David,Roddy,,F,MEM,70,18,0.429,0.631,0.9,2.8,0.8,0.4,0.3,0.8,6.7
Isaiah,Livers,,PF,DET,52,23.1,0.417,0.821,1.4,2.8,0.8,0.5,0.5,0.6,6.7
Nassir,Little,,SF,PHO,54,18.1,0.442,0.717,1.1,2.6,0.9,0.4,0.4,0.7,6.6
Drew,Eubanks,,PF,PHO,78,20.3,0.641,0.664,0.1,5.4,1.3,0.5,1.3,0.9,6.6
Jock,Landale,,C,HOU,69,14.2,0.528,0.752,0.3,4.1,1,0.2,0.4,0.9,6.6
Mo,Bamba,,C,PHI,49,15.7,0.485,0.661,1,4.6,0.9,0.3,0.9,0.6,6.6
Kevin,Knox,II,SF,POR,63,15.1,0.458,0.767,1,2.8,0.5,0.4,0.2,0.8,6.6
Jordan,Goodwin,,G,PHO,62,17.8,0.448,0.768,0.6,3.3,2.7,0.9,0.4,0.9,6.6
Cody,Zeller,,C,NOR,15,14.5,0.627,0.686,0,4.3,0.7,0.2,0.3,0.9,6.5
Brandon,Boston,Jr,SG,LAC,22,11.3,0.418,0.763,0.5,1.4,0.9,0.4,0,0.5,6.5
Jay,Scrubb,,G,BOS,2,15,0.714,0.5,1,3,0.5,1,0,1.5,6.5
Luka,Garza,,C,MIN,28,8.7,0.543,0.788,0.5,2.3,0.6,0.1,0.1,0.5,6.5
Isaac,Okoro,,SF,CLE,76,21.8,0.494,0.757,0.8,2.5,1.1,0.7,0.4,0.6,6.4
R.J.,Hampton,,G,MIA,47,16,0.43,0.75,0.9,1.9,1.1,0.6,0.2,0.9,6.4
JaMychal,Green,,F,GSW,57,14,0.54,0.776,0.7,3.6,0.9,0.4,0.4,0.9,6.4
Sam,Hauser,,SF,BOS,80,16.1,0.455,0.706,1.8,2.6,0.9,0.4,0.3,0.4,6.4
Duncan,Robinson,,F,MIA,42,16.4,0.371,0.906,1.5,1.6,1.1,0.3,0,0.7,6.4
Dario,Saric,,PF,GSW,57,14.1,0.458,0.829,0.8,3.6,1.3,0.4,0.1,1,6.4
Simone,Fontecchio,,F,UTH,52,14.7,0.369,0.795,1.2,1.7,0.8,0.3,0.2,0.8,6.3
Goran,Dragic,,PG,MIL,58,15,0.421,0.689,0.9,1.4,2.6,0.2,0.1,1.1,6.3
Quenton,Jackson,,G,CHI,9,15,0.452,0.773,0.1,0.9,1.7,0.4,0.1,0.4,6.2
Patrick,Beverley,,PG,PHI,67,27.1,0.4,0.723,1.2,3.7,2.9,0.9,0.6,0.9,6.2
Jared,Butler,,SG,WAS,6,12.8,0.469,0,1.2,0.7,1.3,0.8,0,0.8,6.2
Nickeil,Alexander-Walker,,SG,MIN,59,15,0.444,0.667,1,1.7,1.8,0.5,0.4,0.9,6.2
Patty,Mills,,PG,ATL,40,14.2,0.411,0.833,1.2,1.1,1.4,0.4,0.1,0.8,6.2
Nicolas,Batum,,PF,LAC,78,21.9,0.42,0.708,1.6,3.8,1.6,0.7,0.6,0.6,6.1
Oshae,Brissett,,SF,BOS,65,16.7,0.386,0.717,0.7,3.4,0.7,0.5,0.2,0.5,6.1
Sandro,Mamukelashvili,,PF,SAS,43,15.3,0.422,0.684,0.7,4.3,1.4,0.3,0.3,0.8,6.1
Evan,Fournier,,SG,NYK,27,17,0.337,0.857,1.3,1.8,1.3,0.6,0.1,0.8,6.1
Mike,Muscala,,C,WAS,63,15,0.449,0.769,1.3,3.2,0.8,0.2,0.4,0.4,6.1
Saben,Lee,,G,PHO,25,15,0.405,0.737,0.4,1.8,2.7,0.8,0,1,6
Robert,Covington,,PF,LAC,48,16.2,0.445,0.75,1.1,3.5,1.2,0.8,0.7,0.7,6
Andre,Drummond,,C,CHI,67,12.7,0.606,0.536,0,6.6,0.5,0.7,0.4,1.1,6
Maxi,Kleber,,PF,DAL,37,25.1,0.456,0.711,1.1,3.6,1.4,0.3,0.8,0.7,5.9
Jaylin,Williams,,F,OKC,49,18.7,0.436,0.704,0.9,4.9,1.6,0.6,0.2,0.8,5.9
Johnny,Davis,,G,WAS,28,15.1,0.386,0.519,0.6,2.3,1,0.4,0.3,0.6,5.8
Josh,Christopher,,SG,MEM,64,12.3,0.465,0.75,0.3,1.1,1.1,0.5,0.2,0.9,5.8
Stanley,Johnson,,SF,SAS,30,15.6,0.533,0.667,0.6,3.2,2.2,0.5,0.2,1.1,5.8
Rodney,McGruder,,G,GSW,32,16.4,0.408,0.818,1.3,2.3,0.9,0.5,0,0.3,5.7
Charles,Bassey,,C,SAS,35,14.5,0.644,0.595,0.1,5.5,1.3,0.5,0.9,1.2,5.7
Ziaire,Williams,,F,MEM,37,15.2,0.429,0.773,0.7,2.1,0.9,0.4,0.2,1,5.7
Jalen,Johnson,,SF,ATL,70,14.9,0.491,0.628,0.4,4,1.2,0.5,0.5,0.6,5.6
Derrick,Rose,,PG,MEM,27,12.5,0.384,0.917,0.7,1.5,1.7,0.3,0.2,0.8,5.6
Payton,Pritchard,,PG,BOS,48,13.4,0.412,0.75,1.2,1.8,1.3,0.3,0,0.8,5.6
Davion,Mitchell,,PG,SAC,80,18.1,0.454,0.806,0.8,1.3,2.3,0.6,0.2,0.8,5.6
James,Bouknight,,SG,CHA,34,15.1,0.358,0.667,1,2.1,1.2,0.4,0.1,0.9,5.6
Montrezl,Harrell,,C,PHI,57,11.9,0.598,0.693,0,2.8,0.6,0.3,0.4,0.6,5.6
Alex,Caruso,,SG,CHI,67,23.5,0.455,0.808,0.8,2.9,2.9,1.5,0.7,1.1,5.6
Yuta,Watanabe,,SF,PHO,58,16,0.491,0.723,1,2.4,0.8,0.4,0.3,0.4,5.6
Danny,Green,,F,PHI,11,12.6,0.449,1,1.5,1.3,0.5,0.5,0.3,0.9,5.5
Otto,Porter,Jr,SF,TOR,8,18.3,0.5,1,0.8,2.4,1,1.4,0,0.5,5.5
Jarrell,Brantley,,PF,UTH,4,9.8,0.571,1,1,1.5,0.8,0,0.5,0.5,5.5
Wenyen,Gabriel,,F,LAL,68,15.1,0.596,0.619,0.1,4.2,0.5,0.4,0.5,0.7,5.5
Nikola,Jovic,,F,MIA,15,13.6,0.406,0.947,0.5,2.1,0.7,0.5,0.1,0.7,5.5
Jamal,Cain,,F,MIA,18,13.3,0.561,0.773,0.4,2.9,0.7,0.6,0.1,0.3,5.4
Bryce,McGowens,,G,CHA,46,17.1,0.396,0.75,0.6,2,1.2,0.3,0.1,0.9,5.3
Lamar,Stevens,,PF,BOS,62,18.1,0.448,0.702,0.5,3.3,0.5,0.4,0.3,0.4,5.3
Dewayne,Dedmon,,C,PHI,38,11.2,0.51,0.673,0.3,3.5,0.7,0.2,0.5,0.7,5.2
Rudy,Gay,,SF,GSW,56,14.6,0.378,0.857,0.6,2.9,1,0.3,0.3,0.7,5.2
Zeke,Nnaji,,PF,DEN,53,13.7,0.561,0.645,0.3,2.6,0.3,0.3,0.4,0.6,5.2
Lindy,Waters,III,F,OKC,41,13,0.393,0.8,1.4,1.8,0.7,0.3,0.3,0.2,5.2
Darius,Bazley,,PF,BKN,43,14.3,0.454,0.543,0.5,3.2,0.9,0.5,0.8,0.6,5.2
Ricky,Rubio,,PG,CLE,33,17.2,0.343,0.8,0.6,2.1,3.5,0.8,0.2,0.9,5.2
Javonte,Green,,SF,CHI,32,15,0.565,0.667,0.4,2.8,0.7,0.8,0.7,0.6,5.2
MarJon,Beauchamp,,F,MIL,52,13.5,0.395,0.73,0.9,2.2,0.7,0.4,0.1,0.9,5.1
DeAndre,Jordan,,C,DEN,39,15,0.765,0.458,0,5.2,0.9,0.3,0.6,1.2,5.1
John,Konchar,,SG,MEM,72,20.8,0.431,0.778,0.8,4.3,1.4,1.1,0.3,0.5,5.1
George,Hill,,PG,IND,46,18.1,0.47,0.764,0.7,1.8,2.4,0.6,0.1,0.7,5
Cody,Martin,,SF,CHA,7,19.1,0.389,0.571,0.4,3.4,1.6,0.6,0.1,0.3,5
Jonathan,Isaac,,PF,ORL,11,11.3,0.415,0.556,0.5,4,0.5,1.3,0.4,0.4,5
Sam,Merrill,,SG,CLE,5,11.8,0.409,1,1,1.8,1,0.8,0,0,5
Kenneth,Lofton,Jr,F,MEM,24,7.3,0.527,0.593,0.3,2.1,0.8,0.2,0.1,0.5,5
Derrick,Jones,Jr,SF,DAL,64,14,0.5,0.738,0.4,2.4,0.5,0.5,0.6,0.4,5
Blake,Wesley,,G,SAS,37,18.1,0.321,0.591,0.5,2.2,2.7,0.7,0.1,1.8,5
Jaxson,Hayes,,C,LAL,47,13,0.551,0.699,0.1,2.8,0.7,0.4,0.4,0.7,5
Isaiah,Hartenstein,,C,NYK,82,19.9,0.535,0.676,0.1,6.5,1.2,0.6,0.8,0.8,5
Vlatko,Cancar,,SF,DEN,60,14.8,0.476,0.927,0.7,2.1,1.3,0.4,0.2,0.6,5
Ousmane,Dieng,,F,OKC,39,14.6,0.42,0.652,0.7,2.7,1.2,0.4,0.2,0.7,4.9
Austin,Rivers,,SG,MIN,52,19.5,0.435,0.769,0.8,1.6,1.4,0.5,0.1,0.4,4.9
Chimezie,Metu,,PF,PHO,66,10.4,0.589,0.74,0.1,3,0.6,0.3,0.3,0.5,4.9
Johnny,Juzang,,G,UTH,18,12.9,0.337,0.5,0.8,2.2,0.4,0.2,0.2,0.2,4.8
Moses,Moody,,SG,GSW,63,13,0.476,0.698,0.8,1.7,0.8,0.3,0.1,0.5,4.8
Danuel,House,Jr,SF,PHI,56,14.4,0.472,0.75,0.7,1.7,0.8,0.3,0.2,0.5,4.8
Meyers,Leonard,,C,MIL,9,12.7,0.483,0.889,0.8,3.8,0.1,0.2,0,0.7,4.8
Garrison,Mathews,,SG,ATL,54,12.7,0.363,0.906,1.2,1.4,0.5,0.4,0.1,0.4,4.8
Chuma,Okeke,,PF,ORL,27,19.2,0.352,0.762,1,3.6,1.4,0.7,0.4,0.6,4.7
Christian,Braun,,G,DEN,76,15.5,0.495,0.625,0.4,2.4,0.8,0.5,0.2,0.5,4.7
Day'Ron,Sharpe,,C,BKN,48,11.5,0.544,0.636,0.1,4.2,0.8,0.3,0.7,0.9,4.7
Keon,Johnson,,SG,PHO,40,10.4,0.376,0.659,0.7,1.1,1.5,0.5,0.2,1.1,4.7
Dean,Wade,,PF,CLE,44,20.3,0.412,0.652,1,3.4,0.8,0.6,0.5,0.4,4.7
TyTy,Washington,Jr,G,MIL,31,14,0.363,0.556,0.6,1.5,1.5,0.5,0.1,0.5,4.7
Malachi,Flynn,,PG,TOR,53,13,0.36,0.758,0.9,1.4,1.3,0.4,0.1,0.5,4.6
Gary,Payton,II,SG,GSW,22,16.7,0.594,0.857,0.6,3.1,1.4,1,0.2,0.7,4.6
Dalano,Banton,,G,BOS,31,9,0.423,0.708,0.5,1.5,1.2,0.4,0.4,0.6,4.6
Davis,Bertans,,SF,OKC,45,10.9,0.431,0.867,1.2,1.2,0.5,0.2,0.2,0.2,4.6
Kira,Lewis,Jr,PG,NOR,25,9.4,0.455,0.864,0.6,1.3,0.9,0.4,0.1,0.4,4.6
Justin,Holiday,,SF,DEN,46,15.3,0.377,0.625,1,1.2,0.9,0.4,0.4,0.5,4.5
Thaddeus,Young,,PF,TOR,54,14.7,0.545,0.692,0.1,3.1,1.4,1,0.1,0.8,4.4
Omer,Yurtseven,,C,UTH,9,9.2,0.593,0.833,0.3,2.6,0.2,0.2,0.2,0.4,4.4
JaVale,McGee,,C,SAC,42,8.5,0.64,0.585,0,2.5,0.3,0.1,0.6,0.9,4.4
Jarrett,Culver,,G,ATL,10,13.7,0.395,0.692,0.1,3.8,0.6,0.6,0.2,0.7,4.4
AJ,Green,,G,MIL,35,9.9,0.424,1,1.3,1.3,0.6,0.2,0,0.3,4.4
Goga,Bitadze,,C,ORL,38,12,0.552,0.548,0.2,3.6,1,0.4,0.7,0.6,4.4
Haywood,Highsmith,,F,MIA,54,17.9,0.431,0.464,0.7,3.5,0.8,0.7,0.3,0.8,4.4
Bismack,Biyombo,,C,PHO,61,14.3,0.578,0.357,0,4.3,0.9,0.3,1.4,0.8,4.3
Moses,Brown,,C,POR,36,8.2,0.635,0.458,0,3.9,0.1,0.1,0.4,0.4,4.3
Michael,Carter-Williams,,G,ORL,4,11,0.429,0.571,0.3,1.3,1.8,0.3,0.3,1,4.3
Xavier,Sneed,,F,CHA,4,12,0.5,1,0.8,1.3,1.3,0,0.3,0.8,4.3
Justin,Minaya,,F,POR,4,22.3,0.304,0,0.8,3.8,1,0.5,1.3,1,4.3
McKinley,Wright,IV,PG,DAL,27,12.4,0.469,0.684,0.3,1.7,2.1,0.3,0.2,0.7,4.2
Admiral,Schofield,,SF,ORL,37,12.2,0.451,0.913,0.6,1.7,0.8,0.2,0.1,0.4,4.2
Ish,Wainright,,F,PHO,60,15.3,0.37,0.839,1,2.3,0.9,0.6,0.4,0.4,4.2
Paul,Reed,,SF,PHI,69,10.9,0.593,0.745,0,3.8,0.4,0.7,0.7,0.7,4.2
Kevon,Harris,,G,ORL,34,13.4,0.439,0.756,0.5,2.1,0.5,0.5,0.1,0.6,4.1
Blake,Griffin,,PF,BOS,41,13.9,0.485,0.656,0.6,3.8,1.5,0.3,0.2,0.5,4.1
Matisse,Thybulle,,SG,POR,71,16.9,0.435,0.679,0.8,2,0.7,1.2,0.5,0.3,4.1
Serge,Ibaka,,F,IND,16,11.6,0.481,0.615,0.4,2.8,0.3,0.1,0.4,0.7,4.1
Isaiah,Roby,,F,NYK,42,11.3,0.432,0.488,0.4,2.6,0.9,0.4,0.2,0.7,4.1
Olivier,Sarr,,C,OKC,9,12.7,0.5,0.714,0.1,3.4,0.4,0.1,0.6,0.4,4
Daishen,Nix,,SG,MIN,57,16,0.342,0.667,0.7,1.7,2.3,0.5,0.1,1.5,4
Patrick,Baldwin,Jr,F,WAS,31,7.3,0.395,0.667,1,1.3,0.4,0.2,0.1,0.4,3.9
Dominick,Barlow,,F,SAS,28,14.6,0.535,0.72,0,3.6,0.9,0.4,0.7,0.5,3.9
Bruno,Fernando,,PF,ATL,39,10.4,0.527,0.7,0,3.5,0.8,0.2,0.9,0.6,3.9
Aaron,Holiday,,G,HOU,63,13.4,0.418,0.844,0.6,1.2,1.4,0.6,0.2,0.6,3.9
Gorgui,Dieng,,C,SAS,31,11.5,0.385,0.769,0.7,3.5,1.7,0.1,0.5,1,3.9
Udonis,Haslem,,PF,MIA,7,10.3,0.345,0.8,0.4,1.6,0,0.1,0.3,0.1,3.9
Jabari,Walker,,F,POR,56,11.1,0.419,0.756,0.3,2.3,0.6,0.2,0.2,0.5,3.9
Dyson,Daniels,,G,NOR,59,17.7,0.418,0.65,0.5,3.2,2.3,0.7,0.2,1,3.8
Xavier,Cooks,,G,WAS,10,12.6,0.607,0.4,0,3.8,0.6,0.6,0.4,0.8,3.8
JT,Thor,,F,CHA,69,14,0.399,0.702,0.6,2.2,0.5,0.3,0.3,0.6,3.8
Caleb,Houstan,,G,ORL,51,15.9,0.363,0.833,0.9,1.9,0.6,0.2,0.1,0.4,3.8
Furkan,Korkmaz,,SG,PHI,37,9.5,0.432,0.722,0.5,1.1,0.6,0.3,0.1,0.6,3.8
Luke,Kornet,,C,BOS,69,11.7,0.665,0.821,0,2.9,0.8,0.2,0.7,0.4,3.8
Markieff,Morris,,PF,DAL,35,10.1,0.409,1,0.8,2,0.9,0.3,0.1,0.5,3.8
Darius,Days,,F,HOU,4,6.3,0.417,1,0.8,1.5,0.3,0,0.3,0,3.8
Jordan,McLaughlin,,PG,MIN,43,15.8,0.421,0.833,0.6,1.4,3.4,0.7,0.1,0.8,3.7
Orlando,Robinson,,C,MIA,31,13.7,0.528,0.71,0,4.1,0.8,0.4,0.4,0.5,3.7
A.J.,Lawson,,G,DAL,15,7.2,0.5,0.25,0.7,1.4,0.1,0.1,0,0.2,3.7
David,Duke,Jr,G,PHI,23,9.9,0.462,0.706,0,1.3,0.9,0.4,0,0.8,3.7
Nathan,Knight,,F,NYK,38,7.7,0.568,0.684,0.2,1.5,0.3,0.3,0.2,0.6,3.7
Matt,Ryan,,F,MIN,34,9.1,0.37,0.833,0.9,0.8,0.5,0.1,0,0.2,3.6
Bryn,Forbes,,SG,MIN,25,10.7,0.361,1,0.6,0.6,0.7,0.3,0.1,0.5,3.6
P.J.,Tucker,,PF,PHI,75,25.6,0.427,0.826,0.7,3.9,0.8,0.5,0.2,0.6,3.5
Udoka,Azubuike,,C,PHO,36,10,0.819,0.35,0,3.3,0.3,0.2,0.4,0.5,3.5
Miles,McBride,,PG,NYK,64,11.9,0.358,0.667,0.6,0.8,1.1,0.6,0.1,0.4,3.5
Damian,Jones,,C,CLE,41,11.6,0.64,0.759,0.2,3,0.4,0.2,0.5,0.6,3.5
Wesley,Matthews,,SG,ATL,52,15.8,0.363,0.857,0.8,2.2,0.7,0.4,0.3,0.3,3.4
Amir,Coffey,,SG,LAC,50,12.5,0.386,0.778,0.2,1.1,1.1,0.1,0.1,0.4,3.4
Taj,Gibson,,F,WAS,49,9.8,0.52,0.714,0.2,1.9,0.7,0.3,0.2,0.5,3.4
Micah,Potter,,C,UTH,7,7.4,0.667,0,0.6,2.3,0.6,0.1,0,0.3,3.4
Jericho,Sims,,C,NYK,52,15.6,0.776,0.75,0,4.7,0.5,0.3,0.5,0.5,3.4
Kai,Jones,,PF,CHA,46,12,0.558,0.731,0.1,2.7,0.3,0.4,0.7,0.7,3.4
Anthony,Gill,,PF,WAS,59,10.6,0.538,0.731,0.1,1.7,0.6,0.1,0.2,0.3,3.3
Boban,Marjanovic,,C,HOU,31,5.5,0.683,0.741,0,1.9,0.3,0.2,0.1,0.5,3.3
Raul,Neto,,PG,CLE,48,10.5,0.518,0.912,0.3,1,1.6,0.4,0.1,0.5,3.3
Peyton,Watson,,F,DEN,23,8.1,0.492,0.55,0.3,1.6,0.5,0.1,0.5,0.3,3.3
Jared,Rhoden,,G,DET,14,14.1,0.386,1,0.4,2.6,0.3,0.3,0.1,0.2,3.2
Christian,Koloko,,C,TOR,58,13.8,0.48,0.627,0,2.9,0.5,0.4,1,0.3,3.1
Max,Christie,,G,LAL,41,12.5,0.415,0.875,0.6,1.8,0.5,0.2,0.2,0.3,3.1
Jordan,Hall,,G,SAS,9,9.2,0.321,0.778,0.3,1.3,1.2,0.1,0,0.8,3.1
Richaun,Holmes,,F,DAL,42,8.3,0.618,0.789,0.1,1.9,0.2,0.1,0.3,0.3,3.1
Josh,Minott,,F,MIN,15,6.4,0.5,1,0.1,1.7,0.3,0.3,0.4,0.2,3.1
Robin,Lopez,,C,MIL,37,8.1,0.64,0.778,0.1,1.4,0.5,0.1,0.2,0.7,3
Tyler,Dorsey,,G,DAL,3,2.7,0.8,0,0.3,0.7,0,0,0,0,3
Jacob,Gilyard,,G,MEM,1,41,0.333,0,1,4,7,3,0,2,3
Jamaree,Bouyea,,G,WAS,5,14.2,0.429,0.5,0.4,1.2,0.8,0.8,0.4,0.8,3
Trevelin,Queen,,SG,ORL,7,10,0.241,1,0.3,2.4,0.9,0.3,0.7,1,3
Jake,LaRavia,,F,MEM,35,11.8,0.389,0.778,0.7,1.8,0.6,0.3,0.1,0.5,3
Usman,Garuba,,PF,GSW,75,12.9,0.486,0.617,0.3,4.1,0.9,0.6,0.4,0.6,3
Juan,Toscano-Anderson,,SF,UTH,52,13.5,0.448,0.792,0.2,2.4,1.3,0.3,0.2,0.7,3
Dru,Smith,,G,MIA,15,10.5,0.4,1,0.3,1.6,1.5,0.7,0.3,0.2,2.9
Jason,Preston,,PG,LAC,14,8.9,0.439,0,0.4,1.6,1.9,0.1,0,0.7,2.9
Juancho,Hernangomez,,PF,TOR,42,14.6,0.421,0.563,0.4,2.9,0.6,0.4,0.1,0.4,2.9
Frank,Ntilikina,,PG,CHA,47,12.9,0.364,0.667,0.4,1.3,1.2,0.3,0.1,0.6,2.9
Terry,Taylor,,F,CHI,31,8.5,0.52,0.545,0.2,1.5,0.3,0.1,0.2,0.3,2.9
Carlik,Jones,,G,CHI,7,8,0.4,0.625,0.4,0.7,0.9,0.3,0,0.3,2.9
James,Johnson,,PF,IND,18,9,0.449,0.5,0.2,1.7,0.8,0.4,0.3,0.4,2.8
Kessler,Edwards,,SF,SAC,36,10.7,0.387,0.733,0.5,1.7,0.6,0.4,0.2,0.4,2.8
Moussa,Diabate,,F,LAC,22,8.9,0.511,0.625,0,2.3,0.2,0.3,0.4,0.4,2.7
Jaden,Springer,,G,PHI,16,5.6,0.486,0.75,0.1,0.9,0.5,0.4,0.2,0.2,2.6
Mamadi,Diakite,,F,CLE,22,8,0.48,1,0.3,1.4,0.4,0.2,0.4,0.5,2.6
Isaiah,Mobley,,F,CLE,12,7,0.429,1,0.3,1.7,0.3,0.3,0.3,0.1,2.6
Ish,Smith,,PG,DEN,43,9.3,0.397,0.5,0,1.3,2.3,0.2,0.2,1,2.5
Lester,Quinones,,G,GSW,4,4.5,0.4,0.667,0.5,0.8,0.5,0.3,0,1.3,2.5
Frank,Kaminsky,,PF,HOU,36,6.5,0.492,0.875,0.4,1.4,0.9,0.2,0.1,0.3,2.5
Jeff,Dowtin,Jr,PG,TOR,25,10.4,0.439,0.667,0.2,0.9,1.2,0.4,0.1,0.2,2.4
Neemias,Queta,,C,BOS,5,5.8,0.667,0,0,2.2,0.2,0,0.4,0.2,2.4
Theo,Pinson,,G,DAL,40,8.1,0.356,0.846,0.6,1.6,1.2,0.2,0,0.3,2.4
John,Butler,Jr,F,POR,19,11.6,0.321,0.75,0.4,0.9,0.6,0.4,0.5,0.1,2.4
Scotty,Pippen,Jr,G,LAL,6,5.3,0.333,0.556,0.2,0.7,0.3,0.3,0.2,0.3,2.3
Trent,Forrest,,G,ATL,23,12,0.417,0.667,0,1.6,1.7,0.3,0.1,0.7,2.3
Dalen,Terry,,F,CHI,38,5.6,0.444,0.667,0.2,1,0.6,0.3,0.1,0.2,2.2
Ron,Harper,Jr,F,TOR,9,5.3,0.5,1,0.3,0.8,0.4,0,0.1,0,2.2
Justin,Champagnie,,SF,MIA,5,6.8,0.333,0,0.2,1.6,0.8,0.2,0,0,2.2
Kennedy,Chandler,,G,MEM,36,7.8,0.422,0.462,0.1,1.1,1.6,0.3,0.1,0.5,2.2
Khem,Birch,,C,SAS,20,8.1,0.594,0.8,0.1,1.3,0.4,0.3,0.3,0.4,2.2
Andre,Iguodala,,F,GSW,8,14.1,0.467,0.667,0.1,2.1,2.4,0.5,0.4,1.1,2.1
Davon,Reed,,SG,LAL,43,8,0.333,0.667,0.4,1.4,0.5,0.3,0.1,0.5,2.1
Nerlens,Noel,,C,SAC,17,11.5,0.361,0.667,0.1,2.7,0.6,0.9,0.6,0.8,2.1
Garrett,Temple,,SF,NOR,25,6.5,0.4,0.75,0.4,0.7,0.5,0.4,0.1,0.2,2
Chris,Silva,,F,ATL,1,3,1,0,0,0,0,0,0,1,2
Stanley,Umude,,G,DET,1,2,0,1,0,0,0,1,1,0,2
Vince,Williams,Jr,G,MEM,15,7,0.3,1,0.3,1,0.3,0.4,0.1,0.3,2
Donovan,Williams,,G,GSW,2,2,0.4,0,0,1,0,0,0,0,2
Ryan,Rollins,,G,WAS,12,5.2,0.35,1,0.3,1,0.5,0.1,0.1,1.3,1.9
Trevor,Hudgins,,G,HOU,5,5.6,0.222,1,0.4,0,0.6,0,0,0.2,1.8
Xavier,Moon,,PG,LAC,4,5,0.333,0,0.3,0.8,1.3,0,0,0.3,1.8
Alize,Johnson,,F,SAS,4,7.5,0.5,0.5,0,2.5,0.3,0.3,0,1,1.8
Greg,Brown,III,PF,DAL,16,5.8,0.393,0.417,0.1,1.2,0.2,0.3,0.3,0.4,1.8
Dylan,Windler,,SG,NYK,3,3.3,0.667,0,0.3,0,0.3,0.3,0,0.3,1.7
Alex,Len,,C,SAC,26,6.2,0.533,0.688,0,2.3,0.5,0.2,0.4,0.6,1.7
Buddy,Boeheim,,F,DET,10,9,0.185,1,0.4,0.6,0.4,0.2,0,0,1.6
Tony,Bradley,,C,CHI,12,2.8,0.5,1,0.3,0.9,0.1,0.1,0.1,0.1,1.6
JD,Davison,,SG,BOS,12,5.5,0.421,0.5,0.2,0.8,0.9,0.2,0.2,0.3,1.6
Mfiondu,Kabengele,,C,BOS,4,9,0.286,1,0,2.5,0,0.5,0,0.3,1.5
Jordan,Schakel,,G,BOS,2,3,0.5,0,0.5,0,0.5,0.5,0,0,1.5
Kendall,Brown,,SG,IND,6,6.7,0.571,0.5,0,1,0.5,0.7,0,0.3,1.5
Keon,Ellis,,G,SAC,16,4.4,0.438,0.571,0.4,0.5,0.4,0.3,0.1,0.1,1.5
Isaiah,Todd,,PF,MEM,6,10.2,0.167,1,0.2,2,0.7,0.2,0,0.3,1.5
Matthew,Dellavedova,,PG,SAC,32,6.7,0.34,0.571,0.3,0.4,1.3,0.2,0,0.3,1.5
Wendell,Moore,Jr,G,MIN,29,5.3,0.419,0.8,0.1,0.6,0.6,0.3,0.2,0.3,1.4
Thanasis,Antetokounmpo,,SF,MIL,37,5.6,0.435,0.5,0,1.2,0.4,0.1,0.1,0.3,1.4
PJ,Dozier,,G,SAC,16,4.9,0.303,0,0.1,0.9,0.6,0.4,0.1,0.3,1.4
Braxton,Key,,F,DEN,3,3,1,1,0,0.3,0,0,0,0,1.3
KZ,Okpala,,SF,SAC,35,7.1,0.421,0.875,0.2,1,0.4,0.2,0.2,0.2,1.3
Tyrese,Martin,,G,MIN,16,4.1,0.391,1,0.1,0.8,0.1,0.1,0,0.1,1.3
Ryan,Arcidiacono,,G,NYK,20,8.6,0.243,0,0.4,0.8,1.2,0.3,0,0.4,1.3
Cole,Swider,,F,MIA,7,5.9,0.333,0,0.4,1,0.6,0,0,0,1.3
Facundo,Campazzo,,G,DAL,8,6.5,0.231,0.5,0.4,0.3,1.1,0.8,0,0.4,1.3
Vit,Krejci,,F,MIN,29,5.7,0.405,0.5,0.2,0.9,0.6,0.2,0,0.2,1.2
Jack,White,,F,OKC,17,3.9,0.421,0.667,0.2,1,0.2,0.2,0.1,0.1,1.2
Noah,Vonleh,,PF,BOS,23,7.5,0.458,1,0,2.1,0.3,0.1,0.3,0.5,1.1
Malcolm,Hill,,G,NOR,5,1.8,0.5,0,0.2,0.6,0,0,0,0,1
Chima,Moneke,,F,SAC,2,4,0.5,0,0,1,0.5,0,0,1,1
Kobi,Simmons,,G,CHA,5,5.6,0.167,1,0.2,0.8,1,0,0.4,0.2,1
Joe,Wieskamp,,SF,DAL,9,5.6,0.214,0,0.3,0.4,0.3,0,0,0.1,1
Trevor,Keels,,G,MIN,3,2.7,0.25,0,0.3,0.7,0,0,0,0,1
Justin,Jackson,,SF,OKC,23,4.7,0.259,0.5,0.2,0.7,0.4,0.2,0.2,0.1,0.9
Marko,Simonovic,,C,CHI,7,2.9,0.286,0.5,0.1,0.3,0,0,0,0,0.9
Dereon,Seabron,,G,NOR,5,2.4,0.4,0,0,0.2,0,0,0,0,0.8
Vernon,Carey,Jr,C,WAS,11,2.5,0.25,1,0,1,0.3,0.2,0.2,0.2,0.5
Devon,Dotson,,G,WAS,6,8.8,0.1,0,0.2,1.7,1.3,0.8,0,0.5,0.5
Leandro,Bolmaro,,F,UTH,14,4.9,0.15,0,0,0.5,0.5,0.2,0.1,0.5,0.4
Sterling,Brown,,SF,LAL,4,6,0,0,0,2,0.5,0.8,0,0,0
Deonte,Burton,,F,SAC,2,3,0,0,0,0,0,0,0,0,0
Frank,Jackson,,G,UTH,1,5,0,0,0,2,1,0,0,0,0
Alondes,Williams,,G,MIA,1,5,0,0,0,1,0,0,0,2,0
Michael,Foster,Jr,F,PHI,1,1,0,0,0,0,0,0,0,0,0
